{
  "Математика": {
    "icon": "📐",
    "topics": [
      "Алгебра 7 класс",
      "Геометрия 8 класс",
      "Тригонометрия",
      "Производные и интегралы",
      "Квадратные уравнения",
      "Теория вероятностей",
      "Уравнения и неравенства",
      "Функции и графики",
      "Проценты и пропорции"
    ]
  },
  "Физика": {
    "icon": "⚛️",
    "topics": [
      "Механика",
      "Термодинамика",
      "Электричество и магнетизм",
      "Оптика",
      "Квантовая физика",
      "Кинематика",
      "Ядерная физика"
    ]
  },
  "Химия": {
    "icon": "🧪",
    "topics": [
      "Органическая химия",
      "Неорганическая химия",
      "Периодическая таблица",
      "Химические реакции",
      "Окислительно-восстановительные реакции",
      "Растворы"
    ]
  },
  "Биология": {
    "icon": "🧬",
    "topics": [
      "Клеточная биология",
      "Генетика",
      "Эволюция",
      "Анатомия человека",
      "Ботаника",
      "Зоология",
      "Экология",
      "Человек и здоровье"
    ]
  },
  "История": {
    "icon": "📜",
    "topics": [
      "Древний мир",
      "Средневековье",
      "Новое время",
      "Новейшая история",
      "История России",
      "Всемирная история",
      "Культура и искусство",
      "Войны и конфликты",
      "Политика и власть"
    ]
  },
  "География": {
    "icon": "🌍",
    "topics": [
      "Физическая география",
      "Экономическая география",
      "Страны мира",
      "Климат и природа",
      "Континенты и океаны"
    ]
  },
  "Литература": {
    "icon": "📚",
    "topics": [
      "Русская литература XIX века",
      "Зарубежная литература",
      "Поэзия",
      "Проза",
      "Драматургия"
    ]
  },
  "Русский язык": {
    "icon": "✍️",
    "topics": [
      "Орфография",
      "Пунктуация",
      "Синтаксис",
      "Морфология",
      "Части речи",
      "Культура речи"
    ]
  },
  "Английский язык": {
    "icon": "🇬🇧",
    "topics": [
      "Грамматика",
      "Времена глаголов",
      "Неправильные глаголы",
      "Фразовые глаголы",
      "Лексика"
    ]
  },
  "Информатика": {
    "icon": "💻",
    "topics": [
      "Алгоритмы",
      "Программирование",
      "Базы данных",
      "Сети",
      "Кибербезопасность",
      "HTML и CSS"
    ]
  }
}
